prof,salle,cause,date,intervenant
VBODARD,A103,souris,01/28/19 14:15,adm.sor
LBODO,A105,imprimante,01/28/19 14:15,adm.mcaux
SPAQUES,A202,clavier,01/28/19 14:15,adm.san
VBODARD,A012,ecran,01/28/19 14:15,adm.mcaux
SPAQUES,A103,internet,01/28/19 14:15,adm.sor
VBODARD,A012,imprimante,01/28/19 14:15,adm.san
FMANIER,A202,internet,01/28/19 14:15,adm.mcaux
FMANIER,A012,ecran,01/28/19 14:15,adm.san
VBODARD,A202,clavier,01/28/19 14:15,adm.sor
FMANIER,A202,souris,01/28/19 14:15,adm.sor
GYOUNES,A209,clavier,01/28/19 14:15,adm.sor
XKAZMIERCZAK,A106,ecran,01/28/19 14:15,adm.san
XKAZMIERCZAK,A218,imprimante,01/28/19 14:15,adm.rgob
XKAZMIERCZAK,A106,internet,01/28/19 14:15,adm.rgob
VBODARD,A105,souris,01/28/19 14:15,adm.sor
VBODARD,A209,ecran,01/28/19 14:15,adm.san
PMEGRET,A218,souris,01/28/19 14:15,adm.rgob
GYOUNES,A218,clavier,01/28/19 14:15,adm.mcaux
JDECALONNE,A216,clavier,01/28/19 14:15,adm.mcaux
JDECALONNE,A218,clavier,01/28/19 14:15,adm.mcaux